,type,event_frequency,size
0,ctrl,0.09179333333333334,394.8370445918368
1,ctrl,0.6163266666666667,797.5112184984799
2,ctrl,0.7849266666666668,107.56150281861568
3,ctrl,0.31472000000000006,855.3908572678566
4,pmca,0.9872466666666667,78.9508291840606
5,pmca,0.5844800000000001,141.60094101923067
6,pmca,0.41400666666666674,469.12700381900436
7,pmca,1.2420200000000001,78.4447343197587
