,condition,passive
0,control,0.1708904744255004
1,control,0.6347294292068199
2,control,0.2105112758727217
3,control,0.2959599703484062
4,control,0.9002780352177943
5,control,0.12465252038547071
6,ketamine,0.7116938472942922
7,ketamine,0.5692642698295033
8,ketamine,0.4690105614230128
9,ketamine,0.26397072447656106
10,ketamine,0.773943661971831
11,ketamine,0.19344080044469147
